Category,Subcategory,Indicator,Description
Indicators for Waste Management and Reduction,Waste Stream Optimization,Flow of Waste and Waste Generation Rates,Monitoring the quantity and flow of waste generated over time.
Indicators for Waste Management and Reduction,Waste Stream Optimization,Generation of Priority Waste Streams,"Volume of food,textile,EEE,C&D  waste generated."
Indicators for Waste Management and Reduction,Waste Stream Optimization,Minimization of Waste Production through Sustainable Materials,Reduction in waste generation through the adoption of sustainable materials and practices.
Indicators for Waste Management and Reduction,Landfill and Incineration Management,Material Solid Waste Landfilled,Total volume of solid waste disposed of in landfills.
Indicators for Waste Management and Reduction,Landfill and Incineration Management,Household Waste Ending in Landfills,Volume of household waste that is landfilled.
Indicators for Waste Management and Reduction,Landfill and Incineration Management,Landfill Diversion Rates,"Percentage of waste diverted from landfills through recycling, composting, and other methods."
Indicators for Waste Management and Reduction,Landfill and Incineration Management,Material Solid Waste Incinerated,Total volume of solid waste incinerated.
Indicators for Waste Management and Reduction,Landfill and Incineration Management,Landfilled Waste Reduction Initiatives,Initiatives and measures aimed at reducing the percentage of waste that ends up in landfills.
Indicators for Waste Management and Reduction,Landfill and Incineration Management,Waste Management Cost,"Total cost associated with waste management activities, including collection, processing, disposal, and recycling."
Indicators for Recycling and Waste Management,Water Recycling and Reuse,Recycled Water Volumes,Total volume of water recycled annually.
Indicators for Recycling and Waste Management,Water Recycling and Reuse,Optimal Reuse of Water,"Percentage of recycled water utilized for various purposes (e.g., irrigation, industrial processes, potable water)."
Indicators for Recycling and Waste Management,Waste Reduction,Waste Reduction and Recycling Rates,Percentage reduction in waste generation and the rate of recycling.
Indicators for Recycling and Waste Management,Waste Reduction,Waste Disposal into Fresh and Saltwater Bodies,Volume of waste disposed of in freshwater and marine environments.
Indicators for Recycling and Waste Management,Waste Reduction,Recovery and Reuse of Water Resources,Volume of water resources recovered and reused.
Indicators for Recycling and Waste Management,Waste Reduction,"Amount of Waste Used in Households and Other Parts (e.g., Transportation)",Percentage of waste repurposed for household and transportation needs.
Indicators for Recycling and Waste Management,Waste Reduction,Reuse of Waste and Reduction of Resource Depletion,"Volume of waste reused, contributing to the conservation of natural and non-renewable resources."
Indicators for Recycling and Waste Management,Waste Reduction,Retrofitting Projects that Maximize Energy Efficiency and Minimize Waste,Number and impact of retrofitting projects aimed at improving energy efficiency and reducing waste.
Indicators for Recycling and Waste Management,Waste Reduction,Percentage of Food Waste Treated,"Proportion of food waste treated through composting, anaerobic digestion, or other methods."
Indicators for Recycling and Waste Management,Environmental Remediation Costs,Flood Remediation Costs,Total costs associated with flood damage remediation.
Indicators for Recycling and Waste Management,Environmental Remediation Costs,Chemical Remediation Costs,Total costs associated with the remediation of chemical spills or contamination.
Indicators for Recycling and Waste Management,Recycling and Resource Recovery,Overall Recycling Rate,Percentage of total waste that is recycled.
Indicators for Recycling and Waste Management,Recycling and Resource Recovery,Rate of Waste Materials Reused,Percentage of waste materials that are reused.
Indicators for Recycling and Waste Management,Recycling and Resource Recovery,Local Wind Resource Potential,Capacity for wind energy production.
Indicators for Recycling and Waste Management,Recycling and Resource Recovery,Local Solar Resource Potential,Capacity for solar energy production.
Indicators for Recycling and Waste Management,Recycling and Resource Recovery,Local Green Resource Roofs,Area covered by green roofs and their environmental impact.
Indicators for Recycling and Waste Management,Recycling and Resource Recovery,Import/Export Balances resources,Balance of imported and exported resources and recyclables.
Indicators for Recycling and Waste Management,Optimizing Waste Management Processes,Waste Reduction and Circular Processes,Implementation of circular economy principles in waste management.
Indicators for Recycling and Waste Management,Optimizing Waste Management Processes,Managing and Reducing Noise Pollution,Levels of noise pollution and measures taken to reduce it.
Indicators for Recycling and Waste Management,Optimizing Waste Management Processes,Pollution Reduction,Emission levels of pollutants and reduction measures in place.
Indicators for Recycling and Waste Management,Optimizing Waste Management Processes,Mitigation of Environmental Impacts,Strategies and measures to mitigate the environmental impacts of waste production and management.
Indicators for Recycling and Waste Management,Optimizing Waste Management Processes,Reduction of Waste Production through Sustainable Materials,Percentage reduction in waste production through the use of sustainable materials.
Indicators for Recycling and Waste Management,Optimizing Waste Management Processes,Amount of Waste Produced in the City,Total waste produced in the city annually.
Indicators for Resource Management,Recycling Processes and Rates,Recycling Materials and Rates,"Percentage of different materials recycled (e.g., paper, plastic, glass, metals)."
Indicators for Resource Management,Recycling Processes and Rates,Zero Material Waste Targets,Progress towards achieving zero material waste.
Indicators for Resource Management,Recycling Processes and Rates,Amount or Percentage of Recycled Material,Total volume or percentage of materials recycled.
Indicators for Resource Management,Recycling Processes and Rates,Products Reused and Recovered,Volume or percentage of products reused and recovered through recycling processes.
Indicators for Resource Management,Specialized Recycling Practices,Recycling of Non-Ferrous Metals,Volume or percentage of non-ferrous metals recycled.
Indicators for Resource Management,Initiatives in recycling,Recycling Initiatives,Specific programs or policies implemented to enhance recycling practices.
Indicators for Resource Management,Building and Material Lifecycle Optimization,Lifecycle Management of Buildings and Materials,Practices and policies for managing the lifecycle of buildings and materials from construction to demolition.
Indicators for Resource Management,Comprehensive Resource Management,Sustainable and Efficient Production and Consumption Patterns,Measures to promote sustainable production and consumption.
Indicators for Resource Management,Comprehensive Resource Management,Use of Non-Virgin and Low-Carbon Footprint Materials,Volume or percentage of non-virgin and low-carbon footprint materials used.
Indicators for Resource Management,Comprehensive Resource Management,Economic Value of Resource Use,Economic impact and value derived from efficient resource use.
Indicators for Resource Efficiency and Material Cycles,Resource Management and Construction Practices,Reuse of Building Materials in New Constructions,Volume or percentage of reused materials in new construction projects.
Indicators for Resource Efficiency and Material Cycles,Resource Management and Construction Practices,"Efficient Use of Resources, Materials, and Construction Techniques",Adoption of efficient construction techniques and resource use.
Indicators for Resource Efficiency and Material Cycles,Resource Management and Construction Practices,Techniques to Maximize the Effective Lifecycle of Buildings,Implementation of methods to extend the lifecycle of buildings.
Indicators for Resource Efficiency and Material Cycles,Environmental Impact Mitigation,Measures to Improve Sustainability,"Strategies to enhance physical, mental, and emotional well-being through sustainable practices."
Indicators for Resource Efficiency and Material Cycles,Environmental Impact Mitigation,Green and Blue Infrastructure,Development and maintenance of green spaces (green infrastructure) and water-related structures (blue infrastructure) to support urban resilience.
Indicators for Resource Efficiency and Material Cycles,Environmental Impact Mitigation,Use of New or Traditional Materials,Incorporation of new or traditional renewable materials in construction and other sectors.
Indicators for Resource Efficiency and Material Cycles,Eco-Design and Sustainable Materials,Eco-Design Practices,Implementation of design principles that promote sustainability.
Indicators for Resource Efficiency and Material Cycles,Eco-Design and Sustainable Materials,Sharing and Collaborative Consumption Strategies,Promotion of sharing economy models and collaborative consumption.
Indicators for Resource Efficiency and Material Cycles,Material and Resource Consumption,Resource Consumption,Total volume of resources consumed annually.
Indicators for Resource Efficiency and Material Cycles,Material and Resource Consumption,"Flow of Materials, Energy, and Resources","Tracking the flow of materials, energy, and resources through the economy."
Indicators for Resource Efficiency and Material Cycles,Material and Resource Consumption,Amount of Raw Materials Used,Volume of raw materials used in the manufacturing process.
Indicators for Resource Efficiency and Material Cycles,Material and Resource Consumption,Virgin Material Use,Percentage of virgin materials used versus recycled materials.
Indicators for Resource Efficiency and Material Cycles,Sustainable Material Use,Fossil Fuel Consumption,Total volume of fossil fuels consumed and measures to reduce it.
Indicators for Resource Efficiency and Material Cycles,Optimized Resource Use,Average Amount of Raw Material Retained in the Cycle per Citizen per Year,Measurement of how much raw material remains in use annually per person.
Indicators for Resource Efficiency and Material Cycles,Optimized Resource Use,Reduction of Toxic Emissions,Measures and progress in reducing toxic emissions from various processes.
Indicators for Resource Efficiency and Material Cycles,Optimized Resource Use,Energy Generated During Waste Treatment and Reused,Amount of energy produced from waste treatment processes and its subsequent reuse.
Indicators for Resource Efficiency and Material Cycles,Optimized Resource Use,"Resource Efficiency (Labor, Material Inputs, or Energy)","Optimization and efficiency of resources such as labor, materials, and energy."
Indicators for Resource Efficiency and Material Cycles,Optimized Resource Use,Reducing Non-Renewable Resources,Efforts and measures to reduce the use of non-renewable resources.
Indicators for Resource Efficiency and Material Cycles,Optimized Resource Use,Reuse of Waste and Reduction of Resource Depletion,Strategies to reuse waste and minimize the depletion of natural and non-renewable resources.
Indicators for Resource Efficiency and Material Cycles,Optimized Resource Use,Renewable-Energy Systems and Efficient Use of Energy,Implementation and efficiency of renewable energy systems.
Indicators for Resource Efficiency and Material Cycles,Optimized Resource Use,Control of Organic Matter from Waste,Management and reduction of organic matter in waste streams.
Indicators for Sustainable Production and Consumption,Reduce Material Consumption,Material Consumption Reduction,Measurement of the decrease in material consumption over time.
Indicators for Sustainable Production and Consumption,Reduce Material Consumption,Use of Local Materials and Secondary Raw Materials,Volume or percentage of local and secondary raw materials used.
Indicators for Sustainable Production and Consumption,Optimization of Raw Material Use,Resource-Efficient and Circular Material Life Cycles,Implementation and impact of circular economy principles in material use.
Indicators for Sustainable Production and Consumption,Product Lifecycle Extension,Increasing Durability of Products,Initiatives and measures taken to enhance the durability of products.
Indicators for Sustainable Production and Consumption,Product Lifecycle Extension,Redesign for Reuse and Recycling of Products,Percentage of products designed for easier reuse and recycling.
Indicators for Sustainable Production and Consumption,Product Lifecycle Extension,Prolonging the Lifespan of Products,Strategies and practices aimed at extending product lifespan.
Indicators for Sustainable Production and Consumption,Product Lifecycle Extension,Lifetime Extension Practices,Adoption of practices that contribute to the extension of product lifecycles.
Indicators for Sustainable Production and Consumption,Product Lifecycle Extension,Focus on Locally Produced Food,Promotion and use of locally produced food.
Indicators for Sustainable Production and Consumption,Product Lifecycle Extension,Refurbishment and Recycling of Products,Volume or percentage of products refurbished and recycled.
Indicators for Sustainable Production and Consumption,Product Lifecycle Extension,Remanufacturing Processes Involving Water Use,Implementation and efficiency of remanufacturing processes that use water.
Indicators for Circular Production Systems,Local Loop Systems and Waste Minimization,Community-Based Recycling Initiatives,Number and impact of community-based recycling programs.
Indicators for Circular Production Systems,Local Loop Systems and Waste Minimization,local Recycling Rate,Overall rate of recycling within the local loop system.
Indicators for Circular Production Systems,Recycling and Reuse,Thermal Hydrolysis,Implementation and effectiveness of thermal hydrolysis processes.
Indicators for Product Lifecycle Enhancement,Durability and Longevity,Increase Longevity of Products,Measures and results related to increasing product longevity.
Indicators for Product Lifecycle Enhancement,Optimized Material Use,Make Good Use of Material,Efficiency and optimization of material use in production processes.
Indicators for Product Lifecycle Enhancement,Optimized Material Use,Lifetime Extension,Adoption of practices and technologies aimed at extending the lifetime of products.
Indicators for Pollution Control and Air Quality,Emissions and Air Quality Management,Greenhouse Gas and CO2 Emission Reduction,Measurements of reductions in greenhouse gas and CO2 emissions.
Indicators for Pollution Control and Air Quality,Emissions and Air Quality Management,Air Quality Improvements,Improvements in air quality indices over time.
Indicators for Pollution Control and Air Quality,Emissions and Air Quality Management,Pollution Reduction,"Reduction in levels of various pollutants (e.g., particulate matter, NOx, SOx)."
Indicators for Pollution Control and Air Quality,Emissions and Air Quality Management,Greenhouse Gas Emissions Along a Building's Lifecycle,Assessment of greenhouse gas emissions throughout the lifecycle of buildings.
Indicators for Energy Recovery and System Efficiency,Energy from Waste,Production of Thermal Energy from Waste Heat,Amount of thermal energy produced from waste heat recovery processes.
Indicators for Energy Recovery and System Efficiency,Efficient Use of Resources,Pollution of Resource and Material Reduction,Initiatives and results in reducing pollution from resource and material use.
Indicators for Energy Recovery and System Efficiency,Remanufacturing and Extended Producer Responsibility,Remanufacturing Practices,Implementation and efficiency of remanufacturing practices.
Indicators for Energy Recovery and System Efficiency,Remanufacturing and Extended Producer Responsibility,Extended Producer Responsibility (EPR) Initiatives,Adoption and impact of EPR initiatives.
Indicators for Sustainable Energy Flow Management,Energy Recovery from Waste,Material and Energy Conservation,Metrics on the conservation of materials and energy through waste recovery processes.
Indicators for Sustainable Energy Flow Management,Sustainable Resource Utilization,Resource-Efficient and Circular Material Life Cycles,Adoption and impact of circular economy practices in resource utilization.
Indicators for Sustainable Energy Flow Management,Sustainable Resource Utilization,Remanufacturing Processes,Efficiency and implementation of remanufacturing processes.
Indicators for Sustainable Energy Flow Management,Sustainable Resource Utilization,Extended Producer Responsibility Initiatives,Effectiveness of EPR initiatives in promoting sustainable resource use.
Indicators for Sustainable Energy Flow Management,Renewable Energy Integration,Renewable Energy Penetration,Percentage of energy derived from renewable sources.
Indicators for Sustainable Energy Flow Management,Renewable Energy Integration,Access to Electricity,"Measures of access to electricity, particularly from renewable sources."
Indicators for Sustainable Energy Flow Management,Renewable Energy Integration,Circular Economy (CE) Innovation Budget,Budget allocation for CE innovations and initiatives.
Indicators for Sustainable Energy Flow Management,Energy Consumption and Renewable Energy Usage,Renewable Energy Systems Penetration,Extent of penetration and usage of renewable energy systems.
Indicators for Sustainable Energy Flow Management,Energy Consumption and Renewable Energy Usage,Efficient Use of Energy,Metrics on energy efficiency improvements.
Indicators for Sustainable Energy Flow Management,Energy Consumption and Renewable Energy Usage,Grid Integration,Integration of renewable energy into the grid.
Indicators for Sustainable Energy Flow Management,Energy Consumption and Renewable Energy Usage,Energy Consumption,Total energy consumption metrics.
Indicators for Sustainable Energy Flow Management,Pollution Control and Emission Management,Carbon Footprint and Greenhouse Gas Emissions,Measurement and reduction of carbon footprint and greenhouse gas emissions.
Indicators for Sustainable Energy Flow Management,Pollution Control and Emission Management,Carbon Storage and Sequestration in Vegetation and Soil,Amount of carbon stored and sequestered in vegetation and soil.
Indicators for Sustainable Energy Flow Management,Pollution Control and Emission Management,Flow of Emissions,Tracking and management of emissions flow.
Indicators for Energy and Material Flow,Resource Management and Optimization,Material Flow Analysis (MFA),Comprehensive analysis of material flows through the economy.
Indicators for Energy and Material Flow,Resource Management and Optimization,Renewable Energy Usage,Metrics on the usage of renewable energy sources.
Indicators for Energy and Material Flow,Resource Management and Optimization,Resource Efficiency and Productivity,Measures of resource efficiency and productivity improvements.
Indicators for Energy and Material Flow,Resource Management and Optimization,Total Raw Material Productivity,Productivity metrics related to the use of raw materials.
Indicators for Water Efficiency and Conservation,Water Use Reduction,Water Reduction in Production Processes,Measurement of reductions in water use within production processes.
Indicators for Water Efficiency and Conservation,Water Use Reduction,Reduction in Potable Water Consumption,Initiatives and metrics related to reducing potable water consumption.
Indicators for Water Efficiency and Conservation,Efficient Water Management,Efficient Use of Water Resources,Implementation and effectiveness of measures to use water resources efficiently.
Indicators for Water Efficiency and Conservation,Efficient Water Management,Safe Water Accessibility,Availability and accessibility of safe drinking water.
Indicators for Water Efficiency and Conservation,Efficient Water Management,Water Quality and Availability,Measures of water quality and its availability for various uses.
Indicators for Water Efficiency and Conservation,Efficient Water Management,Grey-Water Reuse and Black-Water Recycling,Implementation and effectiveness of grey-water reuse and black-water recycling practices.
Indicators for Water Efficiency and Conservation,Water Usage,Amount of Water Used in Houses,Measurement of water consumption in residential settings.
Indicators for Water Efficiency and Conservation,Water Usage,Amount of Water Used in Other Sectors,"Water usage metrics in various sectors, such as transportation and industry."
Indicators for Water Efficiency and Conservation,Water Usage,Integration of Water Resource Management with Human and Material Potential,Strategies and practices that integrate water resource management with human and material resources.
Indicators for Water Efficiency and Conservation,Water Usage,Strategies to Enhance Material and Human Engagement in Water Conservation,Initiatives and programs aimed at increasing engagement in water conservation efforts among individuals and organizations.
Indicators for Environmental Quality Protection and Climate Resilience,Natural System Management,Protecting the Natural Environment and Regenerating Natural Systems,Initiatives and outcomes in protecting and regenerating natural ecosystems.
Indicators for Environmental Quality Protection and Climate Resilience,Natural System Management,Air Quality Assessment,Measurements and improvements in air quality indices.
Indicators for Environmental Quality Protection and Climate Resilience,Natural System Management,Virgin Resources Used,Volume or percentage of virgin resources used in various processes.
Indicators for Environmental Quality Protection and Climate Resilience,Natural System Management,Biogas Utilization and Impact,Usage and environmental impact of biogas.
Indicators for Environmental Quality Protection and Climate Resilience,Natural System Management,Ecological Restoration and Biodiversity Enhancement,Projects and outcomes related to ecological restoration and biodiversity enhancement.
Indicators for Environmental Quality Protection and Climate Resilience,Natural System Management,Number of Projects Including Nature-Based Solutions,Count and details of projects implementing nature-based solutions.
Indicators for Environmental Quality Protection and Climate Resilience,Natural System Management,Amount of Financial Support to Implement Nature-Based Solutions,Funding allocated for nature-based solution projects.
Indicators for Environmental Quality Protection and Climate Resilience,Natural System Management,Habitat Restoration,Area or volume of habitats restored.
Indicators for Environmental Quality Protection and Climate Resilience,Pollution Control and Carbon Management,Pollution Reduction Initiatives,Specific programs and their effectiveness in reducing pollution.
Indicators for Environmental Quality Protection and Climate Resilience,Pollution Control and Carbon Management,Carbon Management Practices,Implementation and impact of carbon management strategies.
Indicators for Environmental Quality Protection and Climate Resilience,Value and Impact of Green Spaces,Monetary Values of Each Vegetation Community Type,Economic valuation of different vegetation types.
Indicators for Environmental Quality Protection and Climate Resilience,Value and Impact of Green Spaces,Distribution of Public Green Space,Total surface area or per capita availability of public green spaces.
Indicators for Environmental Quality Protection and Climate Resilience,Value and Impact of Green Spaces,Amount of Pollutants Captured by Vegetation,Volume of pollutants captured by green infrastructure.
Indicators for Environmental Quality Protection and Climate Resilience,Value and Impact of Green Spaces,Adaptation of Green and Blue Infrastructure,"Projects and measures to adapt green and blue infrastructure to regulate CO2 emissions, mitigate flooding, and support biomass cogeneration."
Indicators for Environmental Quality Protection and Climate Resilience,Value and Impact of Green Spaces,Restoration of Ecosystem Services,Initiatives and outcomes in restoring ecosystem services.
Indicators for Environmental Quality Protection and Climate Resilience,Climate Change Adaptation and Mitigation,Increase in Resilience to Climate Change,Measures and results in enhancing climate resilience.
Indicators for Environmental Quality Protection and Climate Resilience,Climate Change Adaptation and Mitigation,Adaptation and Resilience to Urban Climate Change,Strategies and effectiveness in adapting to urban climate change impacts.
Indicators for Environmental Quality Protection and Climate Resilience,Climate Change Adaptation and Mitigation,Urban Heat Island Effect Mitigation,Initiatives and success in mitigating the urban heat island effect.
Indicators for Environmental Quality Protection and Climate Resilience,Climate Change Adaptation and Mitigation,Cost of Grey Infrastructure,Financial costs associated with grey infrastructure projects.
Indicators for Environmental Quality Protection and Climate Resilience,Climate Change Adaptation and Mitigation,Eco-Innovation and Eco-Design,Adoption and impact of eco-innovation and eco-design practices.
Indicators for Environmental Quality Protection and Climate Resilience,Climate Change Adaptation and Mitigation,Life Cycle Assessment,Use of life cycle assessments in evaluating environmental impacts.
Indicators for Environmental Quality Protection and Climate Resilience,Climate Change Adaptation and Mitigation,Innovation in Environmental Technologies and Processes,Development and implementation of new environmental technologies and processes.
Indicators for Environmental Quality Protection and Climate Resilience,Climate Change Adaptation and Mitigation,Innovation in Sustainable Practices and Technologies,Advancements in sustainable practices and technologies.
Indicators for Environmental Quality Protection and Climate Resilience,Climate Change Adaptation and Mitigation,Developing New Methods for Enhancing Urban Resilience and Sustainability,Research and development of new methods to improve urban resilience and sustainability.
Indicators for Government and People Participation,Public Sector Engagement,E-Government Initiatives,Implementation and effectiveness of digital government initiatives.
Indicators for Government and People Participation,Public Sector Engagement,Enforcement of Environmental Regulations,Compliance and enforcement measures for environmental regulations
Indicators for Government and People Participation,Public Sector Engagement,Transparent Governance,Transparency initiatives in governance practices
Indicators for Government and People Participation,Public Sector Engagement,"Public Forums, Community Decision-Making Processes",Engagement platforms and processes for community decision-making.
Indicators for Governance and Policy Implementation,Governance and Community Engagement,"Specialized Supporting Services (Financial, Knowledge, IT, R&D, etc.)",Availability and utilization of specialized support services.
Indicators for Governance and Policy Implementation,Governance and Community Engagement,Public Utilities and Transport Services Management,Management and efficiency of public utilities and transport services.
Indicators for Governance and Policy Implementation,Governance and Community Engagement,Grants from Local and National Governments for Symbiosis Activities,Funding and support provided by governments for symbiosis activities
Indicators for Governance and Policy Implementation,Cost Management and Economic Impact,Cost of Materials Used in Buildings,Cost analysis of materials used in construction projects.
Indicators for Governance and Policy Implementation,Cost Management and Economic Impact,Waste Collection Costs,Costs associated with waste collection and management.
Indicators for Governance and Policy Implementation,Cost Management and Economic Impact,Demolition and Construction Management Costs,Expenses related to demolition and construction management.
Indicators for Governance and Policy Implementation,Cost Management and Economic Impact,Impact of Urban Symbiosis Projects,Assessment of economic impacts generated by urban symbiosis initiatives.
Indicators for Governance and Policy Implementation,Cost Management and Economic Impact,"nergy Recovered from Urban Water, Sewage, and Waste","Amount of energy recovered from urban water, sewage, and waste processes."
Indicators for Governance and Policy Implementation,Circular Economy Policies and Governance,"ircular Economy Policies at City, Regional, and National Levels",Existence and implementation of circular economy policies at different governance levels
Indicators for Governance and Policy Implementation,Circular Economy Policies and Governance,Incentives to Enhance Circular Economy Transformation,Financial and regulatory incentives aimed at promoting circular economy practices and transformation.
Indicators for Innovation and Technology in Systems Thinking,Innovative Practices and Systemic Change Research and Development,R&D Expenditure,Investment and spending on research and development activities
Indicators for Innovation and Technology in Systems Thinking,Innovative Practices and Systemic Change Research and Development,Patents Related to Circular Economy Technologies and Processes,Number and significance of patents related to circular economy innovations.
Indicators for Innovation and Technology in Systems Thinking,"Implementation of Sustainable Techniques, Digitalization, and Smart City Solutions",Integration of IoT and AI in CE Initiatives,Utilization and integration of Internet of Things (IoT) and Artificial Intelligence (AI) in circular economy initiatives
Indicators for Innovation and Technology in Systems Thinking,"Implementation of Sustainable Techniques, Digitalization, and Smart City Solutions",Digital Tools and GIS Applications Integration,Use and integration of digital tools and Geographic Information System (GIS) applications.
Indicators for Innovation and Technology in Systems Thinking,"Implementation of Sustainable Techniques, Digitalization, and Smart City Solutions",Smart City and Technology Enhancements,Improvements and innovations in smart city technologies.
Indicators for Innovation and Technology in Systems Thinking,Smart Grid and Energy Management Systems,Regenerative and Systems Thinking to Promote Long-Term Sustainability,Strategies and implementations promoting regenerative and systems thinking for sustainable outcomes
Indicators for Community and Social Impact,Public Awareness and Engagement,Public Awareness Campaigns,Effectiveness and reach of campaigns aimed at raising public awareness on circular economy principles.
Indicators for Community and Social Impact,Public Awareness and Engagement,Community Participation Rates in CE Programs,Level of community engagement and participation in circular economy programs.
Indicators for Community and Social Impact,Public Awareness and Engagement,Nature-Based Solution Adoption and Establishment of New Communities,Adoption rates and impacts of nature-based solutions in establishing resilient communities.
Indicators for Community and Social Impact,Public Awareness and Engagement,Social Innovation and Entrepreneurship, Innovations and entrepreneurial ventures contributing to social and environmental benefits.
Indicators for Community and Social Impact,Demographics and Policy,Balance Between Women & Men ,Gender balance in various sectors and activities related to circular economy.
Indicators for Community and Social Impact,Demographics and Policy,Heaviest Age Group ,Distribution of age groups involved in circular economy initiatives.
Indicators for Community and Social Impact,Demographics and Policy,Social Equity Level in Low-Income Groups,Measures and improvements in social equity among low-income groups.
Indicators for Community and Social Impact,Demographics and Policy,Active Population ,Percentage of the population actively engaged in circular economy practices.
Indicators for Community and Social Impact,Community Well-being and Social Justice,"Promoting Social Equity, Justice, and Human Rights","Initiatives and policies promoting social equity, justice, and human rights in circular economy efforts."
Indicators for Community and Social Impact,Community Well-being and Social Justice,Social Capital and Social Well-being,Measurement and enhancement of social capital and well-being in communities.
Indicators for Community and Social Impact,Community Well-being and Social Justice,Healthcare Access and Quality,Accessibility and quality of healthcare services in circular economy contexts.
Indicators for Community and Social Impact,Community Well-being and Social Justice,Fare Accessibility to Services: ,Equal access to services and resources for all community members.
Indicators for Community and Social Impact,Community Well-being and Social Justice,Social Inclusion and Cultural Dimension,Inclusion of diverse social and cultural perspectives in circular economy practices.
Indicators for Community and Social Impact,Safety and Security,Crime Rates and Safety,Assessment and improvement of safety and security in areas influenced by circular economy activities.
Indicators for Community and Social Impact,Safety and Security,Citizen Behavior Toward Sustainable Practices,Public attitudes and behaviors towards adopting sustainable practices promoted by circular economy initiatives.
Indicators for Community and Social Impact,Education and Community Engagement,Education Quality and Accessibility,Basic Education Quitting 
Indicators for Community and Social Impact,Community Engagement and Participation,Training opportunities programs,
Indicators for Community and Social Impact,Community Engagement and Participation,community awareness and education on circular practices,
Indicators for Urban Development Planning,Urban Planning and Efficiency,Percentage of Space for Ecosystems (Urban Farming) in Spatial Planning,Proportion of urban areas allocated for ecosystems and urban farming.
Indicators for Urban Development Planning,Urban Planning and Efficiency,Urban Regeneration and Land Use Efficiency,Number of projects or initiatives focused on urban regeneration and efficient land use
Indicators for Urban Development Planning,Urban Planning and Efficiency,"Close Linkage to Use of Resources (e.g., Built Environment and Infrastructures)",Integration of resource-efficient practices in urban development projects.
Indicators for Urban Development Planning,Building and Construction Sustainability,Number of Projects/Solutions that Reduce Material Consumption and Improve Sustainability,Count of construction projects implementing sustainable practices to reduce material consumption
Indicators for Urban Development Planning,Building and Construction Sustainability,Resource Sufficiency and Conservation Efforts,Metrics indicating resource conservation efforts in building and construction sectors
Indicators for Urban Development Planning,Building and Construction Sustainability,Access to Affordable Housing,Measures assessing access to affordable housing within urban are
Indicators for Urban Development Planning,Building and Construction Sustainability,Housing Deficiency,Quantitative assessment of housing shortages or deficits.
Indicators for Urban Development Planning,Building and Construction Sustainability,Percentage of Inhabitants,Demographic data on urban population distribution
Indicators for Urban Development Planning,Building and Construction Sustainability,Building Footprint,Measurement of building footprint in urban development.
Indicators for Urban Development Planning,Building and Construction Sustainability,Co-building; Cohousing & Cooperative Housing,Initiatives promoting cooperative and cohousing developments.
Indicators for Urban Development Planning,Building and Construction Sustainability,Lifecycle of the Building,Evaluation of building lifecycles and their environmental impacts.
Indicators for Urban Development Planning,Building and Construction Sustainability,Production of Public Spaces as Places:,Creation and utilization of public spaces to foster community engagement.
Indicators for Urban Development Planning,Building and Construction Sustainability,Activation of Vacant and Unused Spaces,Efforts to repurpose vacant or underutilized urban spaces.
Indicators for Urban Development Planning,Building and Construction Sustainability,Healthy and Comfortable Spaces,Metrics assessing the health and comfort aspects of urban spaces.
Indicators for Urban Development Planning,Building and Construction Sustainability,Quality of Public Spaces in Terms of Attractiveness,Assessment of attractiveness and usability of public spaces.
Indicators for Urban Development Planning,Smart and Sustainable Urban Design,"Sustainable Urban Design Promoting Renewable Energy, Green Spaces, and Pedestrian-Friendly Streets",Adoption and integration of sustainable design principles
Indicators for Urban Development Planning,Smart and Sustainable Urban Design,Built Flexible Environments and Smart Building Sustainable Technologies,Incorporation of flexibility and smart technologies in urban design
Indicators for Urban Development Planning,Smart and Sustainable Urban Design,Urbanization Process Pattern,Analysis of urbanization trends and patterns
Indicators for Urban Development Planning,Smart and Sustainable Urban Design,Health Urban Ecology,Strategies promoting ecological health in urban environments
Indicators for Urban Development Planning,Regeneration and Renovation,Regenerate and Renovate Existing Structures and Spaces,Number of structures and spaces revitalized through regeneration and renovation projects
Indicators for Urban Development Planning,Regeneration and Renovation,Number of Buildings and Spaces Reused for New Functions,Repurposing of buildings and spaces for new uses.
Indicators for Urban Development Planning,Regeneration and Renovation,Recovery of Abandoned Areas and Adaptation of Existing Infrastructure,Efforts to reclaim and adapt abandoned areas and infrastructure.
Indicators for Urban Development Planning,Regeneration and Renovation,Control Ecological Footprint of Cities,Measures to manage and reduce cities' ecological footprint.
Indicators for Urban Agriculture and Green Growth,Urban Farming and Food Systems Security,Percentage of Space for (Peri) Urban Farming in Spatial Planning,Allocation of space for urban and peri-urban farming.
Indicators for Urban Agriculture and Green Growth,Urban Farming and Food Systems Security,Food Security Measures and Strategies,Policies and actions to ensure food security in urban areas.
Indicators for Urban Agriculture and Green Growth,Green Spaces and Ecosystem Services,Green Growth Indicators, Metrics tracking progress in green growth initiatives.
Indicators for Urban Agriculture and Green Growth,Green Spaces and Ecosystem Services,Local Self-Sufficiency,Efforts to achieve local resource self-sufficiency.
Indicators for Urban Agriculture and Green Growth,Green Spaces and Ecosystem Services,Green Infrastructure,Development and maintenance of green infrastructure
Indicators for Urban Agriculture and Green Growth,Green Spaces and Ecosystem Services,"Number of Urban Farms, Rooftop Gardens, Community Gardens, and Farmers' Markets",Quantity and distribution of urban agricultural spaces.
Indicators for Urban Agriculture and Green Growth,Green Spaces and Ecosystem Services,Parks and Accessible Pathways,Availability and accessibility of parks and pathways.
Indicators for Urban Agriculture and Green Growth,Green Spaces and Ecosystem Services,Enhancing Urban Green Spaces,Strategies to improve and expand urban green spaces.
Indicators for Urban Agriculture and Green Growth,Green Spaces and Ecosystem Services,Percentage of Green Spaces Buildings,Incorporation of green spaces within building designs.
Indicators for Urban Agriculture and Green Growth,Green Spaces and Ecosystem Services,Use of Recycled and Reusable Materials in Construction,Adoption of sustainable construction materials.
Indicators for Urban Agriculture and Green Growth,Green Spaces and Ecosystem Services,Integration of Nature-Based Solutions,Implementation and effectiveness of nature-based solutions.
Indicators for Urban Agriculture and Green Growth,Green Spaces and Ecosystem Services,Biodiversity Diversification,Efforts to enhance urban biodiversity.
Indicators for Urban Agriculture and Green Growth,Green Spaces and Ecosystem Services,Strategies for Enhancing Urban Green Coverage and Ecosystem Connectivity: ,Actions to improve green coverage and ecosystem connectivity.
Indicators for Urban Agriculture and Green Growth,Green Spaces and Ecosystem Services,Evaluate Pattern of Forests and Wetlands,Assessment and management of urban forests and wetlands.
"Indicators for Transportation, Mobility, and Accessibility",Efficient and Sustainable Transportation,Public Transport Usage and Electrical Energy Use in Transportation,Utilization and efficiency of public transport and electric vehicles.
"Indicators for Transportation, Mobility, and Accessibility",Efficient and Sustainable Transportation,"Transportation Modes such as Public Transit, Biking, and Walking",Promotion and adoption of sustainable transportation modes.
"Indicators for Transportation, Mobility, and Accessibility",Efficient and Sustainable Transportation,Reduction of Reliance on Single-Occupancy Vehicles and Enhancing Urban Mobility,Strategies to reduce dependence on private vehicles and improve urban mobility.
"Indicators for Transportation, Mobility, and Accessibility",Public Infrastructure and Accessibility,Development of Local Networks and ICT Infrastructure: ,Expansion and enhancement of local networks and ICT infrastructure.
"Indicators for Transportation, Mobility, and Accessibility",Public Infrastructure and Accessibility,Public Transport Links and Accessibility to Public Services,Connectivity and accessibility of public transport and services.
"Indicators for Transportation, Mobility, and Accessibility",Public Infrastructure and Accessibility,Percentage of Road Network Dedicated to Pedestrian Use,Allocation of road space for pedestrian use.
"Indicators for Transportation, Mobility, and Accessibility",Public Infrastructure and Accessibility,Cycling Infrastructure,Development and improvement of cycling infrastructure.
"Indicators for Transportation, Mobility, and Accessibility",Public Infrastructure and Accessibility,Electric Vehicles,Integration and support for electric vehicle infrastructure.
"Indicators for Transportation, Mobility, and Accessibility",Public Infrastructure and Accessibility,Walking Distance to Nearest Facilities,Accessibility of facilities within walking distance.
Indicators for Economics and Financial Analysis,Economic Development and Value Creation,Economic Value of Property and Land,"Economic value of property and land, increase in the value of land"
Indicators for Economics and Financial Analysis,Investment and Financial Incentives,Incentives for Green Businesses,"Incentives for green businesses, integration into global value chains, time value"
Indicators for Economics and Financial Analysis,Investment and Financial Incentives,Improve Level of Sustainable Supply Chains,Changes in property value
Indicators for Economics and Financial Analysis,Economic Growth and GDP,Design Activity as a Service Model,New symbioses activities
Indicators for Economics and Financial Analysis,Economic Growth and GDP,Design New Commercial Activities,"Employment rates, income distribution and poverty levels"
Indicators for Economics and Financial Analysis,Economic Growth and GDP,Level of Export and Import of Goods and Products,Breakdown of the annual budget
Indicators for Economics and Financial Analysis,Investment and Cost Management,Investments in the Recycling Process,"Return on investment (ROI) and payback period, avoided damage costs, reduce energy costs, green investment and investment costs"
Indicators for Economics and Financial Analysis,Investment and Cost Management,Industry Development Level,"Creative industries, sharing economy practices (shared office spaces, etc.), innovative startups and companies and innovation hubs, competitiveness of industries"
Indicators for Economics and Financial Analysis,Economic Stability and Growth,Average Income and Equality Among Low-Income Groups,
Indicators for Economics and Financial Analysis,Circular Economy Business Models,Adoption rates of circular products and services,
Indicators for Economics and Financial Analysis,Circular Economy Business Models,economic growth linked to CE activities,
Indicators for Economics and Financial Analysis,Circular Economy Performance and Rate,level of local jobs at all skill levels,
Indicators for Economics and Financial Analysis,Circular Economy Performance and Rate,Job creation through circular economy practices,
Indicators for Economics and Financial Analysis,Economic Resilience and Resource Security,revenue generated from circular products and services,
Indicators for Economics and Financial Analysis,Economic Resilience and Resource Security,Product lifespan and durability,
Indicators for Economics and Financial Analysis,Investment in Circular Economy Projects,Engagement with local industries and startups,"Engagement with local industries and startups, promoting community and public participation in circular practices, investment in local and global market integration, enhancement of local markets"
Indicators for Economics and Financial Analysis,Investment in Circular Economy Projects,promoting community and public participation in circular practices,
Indicators for Economics and Financial Analysis,Investment in Circular Economy Projects,"investment in local and global market integration, enhancement of local markets",

